model,rmse,mae,r2
descriptor+cnn_calibrated_avg,1.1659325225880934,0.8505993764324034,0.7095086275291056
