split,rmse,mae,r2
train,0.9505809717132161,0.685345319326626,0.8254158463336047
val,1.2184905226642748,0.8786299766598694,0.7913320667308921
test,1.3012266973125326,0.9294924040250176,0.6381801949197279
