,rmse,mae,r2,runtime_sec
cnn,1.2642288208007812,0.9315559267997742,0.6584630012512207,1550.0470850829734
qnn,1.6325750350952148,1.1885449886322021,0.43044888973236084,90.27028704201803
hybrid,1.3662455081939697,0.9908822178840637,0.6011184453964233,159.22113154199906
