compound,smiles,expectation,y_true,cnn_y_pred,qnn_y_pred,hybrid_y_pred
Ethyl acetate,CCOC(=O)C,,-0.025404461,-0.010347427,-0.72866774,-0.6449964
Butanol,CCCCO,,-0.0504090528,0.09114793,-0.8939636,-0.027439892
Acetophenone,CC(=O)c1ccccc1,,-1.2803868403,-1.7548535,-2.3668668,-2.126966
Glycerol,C(C(CO)O)O,,1.0357686635,0.6279313,-0.9444268,0.79810417
Isobutanol,CC(C)CO,,0.04,0.64460826,-0.8172723,-0.057210445
