compound,smiles,expectation,y_true,cnn_y_pred,qnn_y_pred,hybrid_y_pred
Ethyl acetate,CCOC(=O)C,,-0.025404461,0.1767084,-0.8885741,0.2995305
Butanol,CCCCO,,-0.0504090528,0.373222,-0.15810299,0.5650904
Acetophenone,CC(=O)c1ccccc1,,-1.2803868403,-1.1476315,-2.3202462,-1.6945843
Glycerol,C(C(CO)O)O,,1.0357686635,0.60827726,-0.16715431,1.111456
Isobutanol,CC(C)CO,,0.04,0.4640593,-0.08288646,0.6744323
