compound,smiles,expectation,y_true,cnn_y_pred,qnn_y_pred,hybrid_y_pred
Hexane,CCCCCC,low,-3.9441703352,-5.2368064,-2.708572,-2.6603823
Methanol,CO,high,1.4942803838999998,0.79067725,-0.7942904,0.6179619
Phenol,c1cc(ccc1)O,high,-0.04,-1.5189233,-1.3123745,-0.90705425
Decanol,CCCCCCCCCCO,low,-3.6312380365,-4.2719693,-3.0152357,-2.5798683
Hydroquinone,c1cc(ccc1O)O,high,-0.1967366109,-1.453032,-0.74431586,-0.6459253
